<?xml version="1.0"?>
<!DOCTYPE pathway SYSTEM "http://www.kegg.jp/kegg/xml/KGML_v0.7.2_.dtd">
<!-- Creation date: Jul 6, 2016 14:55:40 +0900 (GMT+9) -->
<pathway name="path:cic00904" org="cic" number="00904"
         title="Diterpenoid biosynthesis"
         image="http://www.kegg.jp/kegg/pathway/cic/cic00904.png"
         link="http://www.kegg.jp/kegg-bin/show_pathway?cic00904">
    <entry id="23" name="ko:K14044" type="ortholog" reaction="rn:R09115"
        link="http://www.kegg.jp/dbget-bin/www_bget?K14044">
        <graphics name="K14044" fgcolor="#000000" bgcolor="#FFFFFF"
             type="rectangle" x="849" y="355" width="46" height="17"/>
    </entry>
    <entry id="24" name="cpd:C16524" type="compound"
        link="http://www.kegg.jp/dbget-bin/www_bget?C16524">
        <graphics name="C16524" fgcolor="#000000" bgcolor="#FFFFFF"
             type="circle" x="116" y="685" width="8" height="8"/>
    </entry>
    <entry id="25" name="cpd:C16523" type="compound"
        link="http://www.kegg.jp/dbget-bin/www_bget?C16523">
        <graphics name="C16523" fgcolor="#000000" bgcolor="#FFFFFF"
             type="circle" x="116" y="626" width="8" height="8"/>
    </entry>
    <entry id="26" name="cpd:C06096" type="compound"
        link="http://www.kegg.jp/dbget-bin/www_bget?C06096">
        <graphics name="C06096" fgcolor="#000000" bgcolor="#FFFFFF"
             type="circle" x="621" y="867" width="8" height="8"/>
    </entry>
    <entry id="27" name="cpd:C11853" type="compound"
        link="http://www.kegg.jp/dbget-bin/www_bget?C11853">
        <graphics name="C11853" fgcolor="#000000" bgcolor="#FFFFFF"
             type="circle" x="212" y="569" width="8" height="8"/>
    </entry>
    <entry id="28" name="cpd:C11872" type="compound"
        link="http://www.kegg.jp/dbget-bin/www_bget?C11872">
        <graphics name="C11872" fgcolor="#000000" bgcolor="#FFFFFF"
             type="circle" x="385" y="332" width="8" height="8"/>
    </entry>
    <entry id="29" name="cpd:C00353" type="compound"
        link="http://www.kegg.jp/dbget-bin/www_bget?C00353">
        <graphics name="C00353" fgcolor="#000000" bgcolor="#FFFFFF"
             type="circle" x="385" y="157" width="8" height="8"/>
    </entry>
    <entry id="30" name="cpd:C11855" type="compound"
        link="http://www.kegg.jp/dbget-bin/www_bget?C11855">
        <graphics name="C11855" fgcolor="#000000" bgcolor="#FFFFFF"
             type="circle" x="621" y="923" width="8" height="8"/>
    </entry>
    <entry id="31" name="cpd:C01699" type="compound"
        link="http://www.kegg.jp/dbget-bin/www_bget?C01699">
        <graphics name="C01699" fgcolor="#000000" bgcolor="#FFFFFF"
             type="circle" x="385" y="961" width="8" height="8"/>
    </entry>
    <entry id="32" name="cpd:C03579" type="compound"
        link="http://www.kegg.jp/dbget-bin/www_bget?C03579">
        <graphics name="C03579" fgcolor="#000000" bgcolor="#FFFFFF"
             type="circle" x="624" y="998" width="8" height="8"/>
    </entry>
    <entry id="33" name="cpd:C11870" type="compound"
        link="http://www.kegg.jp/dbget-bin/www_bget?C11870">
        <graphics name="C11870" fgcolor="#000000" bgcolor="#FFFFFF"
             type="circle" x="744" y="998" width="8" height="8"/>
    </entry>
    <entry id="34" name="cpd:C11871" type="compound"
        link="http://www.kegg.jp/dbget-bin/www_bget?C11871">
        <graphics name="C11871" fgcolor="#000000" bgcolor="#FFFFFF"
             type="circle" x="498" y="887" width="8" height="8"/>
    </entry>
    <entry id="35" name="cpd:C11854" type="compound"
        link="http://www.kegg.jp/dbget-bin/www_bget?C11854">
        <graphics name="C11854" fgcolor="#000000" bgcolor="#FFFFFF"
             type="circle" x="385" y="923" width="8" height="8"/>
    </entry>
    <entry id="36" name="cpd:C00859" type="compound"
        link="http://www.kegg.jp/dbget-bin/www_bget?C00859">
        <graphics name="C00859" fgcolor="#000000" bgcolor="#FFFFFF"
             type="circle" x="385" y="993" width="8" height="8"/>
    </entry>
    <entry id="37" name="cpd:C11869" type="compound"
        link="http://www.kegg.jp/dbget-bin/www_bget?C11869">
        <graphics name="C11869" fgcolor="#000000" bgcolor="#FFFFFF"
             type="circle" x="152" y="923" width="8" height="8"/>
    </entry>
    <entry id="38" name="cpd:C11865" type="compound"
        link="http://www.kegg.jp/dbget-bin/www_bget?C11865">
        <graphics name="C11865" fgcolor="#000000" bgcolor="#FFFFFF"
             type="circle" x="385" y="867" width="8" height="8"/>
    </entry>
    <entry id="39" name="cpd:C11866" type="compound"
        link="http://www.kegg.jp/dbget-bin/www_bget?C11866">
        <graphics name="C11866" fgcolor="#000000" bgcolor="#FFFFFF"
             type="circle" x="334" y="887" width="8" height="8"/>
    </entry>
    <entry id="40" name="cpd:C11867" type="compound"
        link="http://www.kegg.jp/dbget-bin/www_bget?C11867">
        <graphics name="C11867" fgcolor="#000000" bgcolor="#FFFFFF"
             type="circle" x="263" y="887" width="8" height="8"/>
    </entry>
    <entry id="41" name="cpd:C11868" type="compound"
        link="http://www.kegg.jp/dbget-bin/www_bget?C11868">
        <graphics name="C11868" fgcolor="#000000" bgcolor="#FFFFFF"
             type="circle" x="152" y="867" width="8" height="8"/>
    </entry>
    <entry id="42" name="cpd:C02035" type="compound"
        link="http://www.kegg.jp/dbget-bin/www_bget?C02035">
        <graphics name="C02035" fgcolor="#000000" bgcolor="#FFFFFF"
             type="circle" x="559" y="803" width="8" height="8"/>
    </entry>
    <entry id="43" name="cpd:C11863" type="compound"
        link="http://www.kegg.jp/dbget-bin/www_bget?C11863">
        <graphics name="C11863" fgcolor="#000000" bgcolor="#FFFFFF"
             type="circle" x="385" y="803" width="8" height="8"/>
    </entry>
    <entry id="44" name="cpd:C11864" type="compound"
        link="http://www.kegg.jp/dbget-bin/www_bget?C11864">
        <graphics name="C11864" fgcolor="#000000" bgcolor="#FFFFFF"
             type="circle" x="212" y="803" width="8" height="8"/>
    </entry>
    <entry id="45" name="cpd:C02034" type="compound"
        link="http://www.kegg.jp/dbget-bin/www_bget?C02034">
        <graphics name="C02034" fgcolor="#000000" bgcolor="#FFFFFF"
             type="circle" x="559" y="744" width="8" height="8"/>
    </entry>
    <entry id="46" name="cpd:C11861" type="compound"
        link="http://www.kegg.jp/dbget-bin/www_bget?C11861">
        <graphics name="C11861" fgcolor="#000000" bgcolor="#FFFFFF"
             type="circle" x="385" y="744" width="8" height="8"/>
    </entry>
    <entry id="47" name="cpd:C11862" type="compound"
        link="http://www.kegg.jp/dbget-bin/www_bget?C11862">
        <graphics name="C11862" fgcolor="#000000" bgcolor="#FFFFFF"
             type="circle" x="212" y="744" width="8" height="8"/>
    </entry>
    <entry id="48" name="cpd:C06095" type="compound"
        link="http://www.kegg.jp/dbget-bin/www_bget?C06095">
        <graphics name="C06095" fgcolor="#000000" bgcolor="#FFFFFF"
             type="circle" x="559" y="685" width="8" height="8"/>
    </entry>
    <entry id="49" name="cpd:C11860" type="compound"
        link="http://www.kegg.jp/dbget-bin/www_bget?C11860">
        <graphics name="C11860" fgcolor="#000000" bgcolor="#FFFFFF"
             type="circle" x="385" y="685" width="8" height="8"/>
    </entry>
    <entry id="50" name="cpd:C11859" type="compound"
        link="http://www.kegg.jp/dbget-bin/www_bget?C11859">
        <graphics name="C11859" fgcolor="#000000" bgcolor="#FFFFFF"
             type="circle" x="212" y="685" width="8" height="8"/>
    </entry>
    <entry id="51" name="cpd:C06094" type="compound"
        link="http://www.kegg.jp/dbget-bin/www_bget?C06094">
        <graphics name="C06094" fgcolor="#000000" bgcolor="#FFFFFF"
             type="circle" x="559" y="626" width="8" height="8"/>
    </entry>
    <entry id="52" name="cpd:C11857" type="compound"
        link="http://www.kegg.jp/dbget-bin/www_bget?C11857">
        <graphics name="C11857" fgcolor="#000000" bgcolor="#FFFFFF"
             type="circle" x="385" y="626" width="8" height="8"/>
    </entry>
    <entry id="53" name="cpd:C11858" type="compound"
        link="http://www.kegg.jp/dbget-bin/www_bget?C11858">
        <graphics name="C11858" fgcolor="#000000" bgcolor="#FFFFFF"
             type="circle" x="212" y="626" width="8" height="8"/>
    </entry>
    <entry id="54" name="cpd:C07394" type="compound"
        link="http://www.kegg.jp/dbget-bin/www_bget?C07394">
        <graphics name="C07394" fgcolor="#000000" bgcolor="#FFFFFF"
             type="circle" x="116" y="744" width="8" height="8"/>
    </entry>
    <entry id="55" name="cpd:C11900" type="compound"
        link="http://www.kegg.jp/dbget-bin/www_bget?C11900">
        <graphics name="C11900" fgcolor="#000000" bgcolor="#FFFFFF"
             type="circle" x="116" y="569" width="8" height="8"/>
    </entry>
    <entry id="56" name="cpd:C11905" type="compound"
        link="http://www.kegg.jp/dbget-bin/www_bget?C11905">
        <graphics name="C11905" fgcolor="#000000" bgcolor="#FFFFFF"
             type="circle" x="559" y="569" width="8" height="8"/>
    </entry>
    <entry id="57" name="cpd:C06093" type="compound"
        link="http://www.kegg.jp/dbget-bin/www_bget?C06093">
        <graphics name="C06093" fgcolor="#000000" bgcolor="#FFFFFF"
             type="circle" x="385" y="569" width="8" height="8"/>
    </entry>
    <entry id="58" name="cpd:C11700" type="compound"
        link="http://www.kegg.jp/dbget-bin/www_bget?C11700">
        <graphics name="C11700" fgcolor="#000000" bgcolor="#FFFFFF"
             type="circle" x="116" y="500" width="8" height="8"/>
    </entry>
    <entry id="59" name="cpd:C11876" type="compound"
        link="http://www.kegg.jp/dbget-bin/www_bget?C11876">
        <graphics name="C11876" fgcolor="#000000" bgcolor="#FFFFFF"
             type="circle" x="488" y="508" width="8" height="8"/>
    </entry>
    <entry id="60" name="cpd:C11875" type="compound"
        link="http://www.kegg.jp/dbget-bin/www_bget?C11875">
        <graphics name="C11875" fgcolor="#000000" bgcolor="#FFFFFF"
             type="circle" x="385" y="508" width="8" height="8"/>
    </entry>
    <entry id="61" name="cpd:C11874" type="compound"
        link="http://www.kegg.jp/dbget-bin/www_bget?C11874">
        <graphics name="C11874" fgcolor="#000000" bgcolor="#FFFFFF"
             type="circle" x="385" y="448" width="8" height="8"/>
    </entry>
    <entry id="62" name="cpd:C06087" type="compound"
        link="http://www.kegg.jp/dbget-bin/www_bget?C06087">
        <graphics name="C06087" fgcolor="#000000" bgcolor="#FFFFFF"
             type="circle" x="757" y="847" width="8" height="8"/>
    </entry>
    <entry id="63" name="cpd:C11889" type="compound"
        link="http://www.kegg.jp/dbget-bin/www_bget?C11889">
        <graphics name="C11889" fgcolor="#000000" bgcolor="#FFFFFF"
             type="circle" x="947" y="847" width="8" height="8"/>
    </entry>
    <entry id="64" name="cpd:C11888" type="compound"
        link="http://www.kegg.jp/dbget-bin/www_bget?C11888">
        <graphics name="C11888" fgcolor="#000000" bgcolor="#FFFFFF"
             type="circle" x="852" y="847" width="8" height="8"/>
    </entry>
    <entry id="65" name="cpd:C11887" type="compound"
        link="http://www.kegg.jp/dbget-bin/www_bget?C11887">
        <graphics name="C11887" fgcolor="#000000" bgcolor="#FFFFFF"
             type="circle" x="757" y="787" width="8" height="8"/>
    </entry>
    <entry id="66" name="cpd:C11885" type="compound"
        link="http://www.kegg.jp/dbget-bin/www_bget?C11885">
        <graphics name="C11885" fgcolor="#000000" bgcolor="#FFFFFF"
             type="circle" x="947" y="787" width="8" height="8"/>
    </entry>
    <entry id="67" name="cpd:C11886" type="compound"
        link="http://www.kegg.jp/dbget-bin/www_bget?C11886">
        <graphics name="C11886" fgcolor="#000000" bgcolor="#FFFFFF"
             type="circle" x="852" y="787" width="8" height="8"/>
    </entry>
    <entry id="68" name="cpd:C11882" type="compound"
        link="http://www.kegg.jp/dbget-bin/www_bget?C11882">
        <graphics name="C11882" fgcolor="#000000" bgcolor="#FFFFFF"
             type="circle" x="757" y="727" width="8" height="8"/>
    </entry>
    <entry id="69" name="cpd:C11884" type="compound"
        link="http://www.kegg.jp/dbget-bin/www_bget?C11884">
        <graphics name="C11884" fgcolor="#000000" bgcolor="#FFFFFF"
             type="circle" x="947" y="727" width="8" height="8"/>
    </entry>
    <entry id="70" name="cpd:C11883" type="compound"
        link="http://www.kegg.jp/dbget-bin/www_bget?C11883">
        <graphics name="C11883" fgcolor="#000000" bgcolor="#FFFFFF"
             type="circle" x="852" y="728" width="8" height="8"/>
    </entry>
    <entry id="71" name="cpd:C18228" type="compound"
        link="http://www.kegg.jp/dbget-bin/www_bget?C18228">
        <graphics name="C18228" fgcolor="#000000" bgcolor="#FFFFFF"
             type="circle" x="703" y="493" width="8" height="8"/>
    </entry>
    <entry id="72" name="cpd:C11877" type="compound"
        link="http://www.kegg.jp/dbget-bin/www_bget?C11877">
        <graphics name="C11877" fgcolor="#000000" bgcolor="#FFFFFF"
             type="circle" x="645" y="449" width="8" height="8"/>
    </entry>
    <entry id="73" name="cpd:C11881" type="compound"
        link="http://www.kegg.jp/dbget-bin/www_bget?C11881">
        <graphics name="C11881" fgcolor="#000000" bgcolor="#FFFFFF"
             type="circle" x="1042" y="667" width="8" height="8"/>
    </entry>
    <entry id="74" name="cpd:C11878" type="compound"
        link="http://www.kegg.jp/dbget-bin/www_bget?C11878">
        <graphics name="C11878" fgcolor="#000000" bgcolor="#FFFFFF"
             type="circle" x="757" y="667" width="8" height="8"/>
    </entry>
    <entry id="75" name="cpd:C11880" type="compound"
        link="http://www.kegg.jp/dbget-bin/www_bget?C11880">
        <graphics name="C11880" fgcolor="#000000" bgcolor="#FFFFFF"
             type="circle" x="947" y="667" width="8" height="8"/>
    </entry>
    <entry id="76" name="path:cic00900" type="map"
        link="http://www.kegg.jp/dbget-bin/www_bget?cic00900">
        <graphics name="Terpenoid backbone biosynthesis" fgcolor="#000000" bgcolor="#FFFFFF"
             type="roundrectangle" x="160" y="115" width="125" height="34"/>
    </entry>
    <entry id="77" name="path:cic00904" type="map"
        link="http://www.kegg.jp/dbget-bin/www_bget?cic00904">
        <graphics name="TITLE:Diterpenoid biosynthesis" fgcolor="#000000" bgcolor="#FFFFFF"
             type="roundrectangle" x="150" y="58" width="220" height="25"/>
    </entry>
    <entry id="78" name="cpd:C11893" type="compound"
        link="http://www.kegg.jp/dbget-bin/www_bget?C11893">
        <graphics name="C11893" fgcolor="#000000" bgcolor="#FFFFFF"
             type="circle" x="906" y="224" width="8" height="8"/>
    </entry>
    <entry id="79" name="cpd:C06092" type="compound"
        link="http://www.kegg.jp/dbget-bin/www_bget?C06092">
        <graphics name="C06092" fgcolor="#000000" bgcolor="#FFFFFF"
             type="circle" x="457" y="305" width="8" height="8"/>
    </entry>
    <entry id="80" name="cpd:C11895" type="compound"
        link="http://www.kegg.jp/dbget-bin/www_bget?C11895">
        <graphics name="C11895" fgcolor="#000000" bgcolor="#FFFFFF"
             type="circle" x="116" y="273" width="8" height="8"/>
    </entry>
    <entry id="81" name="cpd:C01414" type="compound"
        link="http://www.kegg.jp/dbget-bin/www_bget?C01414">
        <graphics name="C01414" fgcolor="#000000" bgcolor="#FFFFFF"
             type="circle" x="971" y="224" width="8" height="8"/>
    </entry>
    <entry id="82" name="cpd:C11896" type="compound"
        link="http://www.kegg.jp/dbget-bin/www_bget?C11896">
        <graphics name="C11896" fgcolor="#000000" bgcolor="#FFFFFF"
             type="circle" x="245" y="328" width="8" height="8"/>
    </entry>
    <entry id="83" name="cpd:C11894" type="compound"
        link="http://www.kegg.jp/dbget-bin/www_bget?C11894">
        <graphics name="C11894" fgcolor="#000000" bgcolor="#FFFFFF"
             type="circle" x="116" y="215" width="8" height="8"/>
    </entry>
    <entry id="84" name="cpd:C11879" type="compound"
        link="http://www.kegg.jp/dbget-bin/www_bget?C11879">
        <graphics name="C11879" fgcolor="#000000" bgcolor="#FFFFFF"
             type="circle" x="852" y="667" width="8" height="8"/>
    </entry>
    <entry id="85" name="cpd:C06089" type="compound"
        link="http://www.kegg.jp/dbget-bin/www_bget?C06089">
        <graphics name="C06089" fgcolor="#000000" bgcolor="#FFFFFF"
             type="circle" x="385" y="215" width="8" height="8"/>
    </entry>
    <entry id="86" name="cpd:C11901" type="compound"
        link="http://www.kegg.jp/dbget-bin/www_bget?C11901">
        <graphics name="C11901" fgcolor="#000000" bgcolor="#FFFFFF"
             type="circle" x="757" y="215" width="8" height="8"/>
    </entry>
    <entry id="87" name="cpd:C11899" type="compound"
        link="http://www.kegg.jp/dbget-bin/www_bget?C11899">
        <graphics name="C11899" fgcolor="#000000" bgcolor="#FFFFFF"
             type="circle" x="116" y="435" width="8" height="8"/>
    </entry>
    <entry id="88" name="cpd:C11873" type="compound"
        link="http://www.kegg.jp/dbget-bin/www_bget?C11873">
        <graphics name="C11873" fgcolor="#000000" bgcolor="#FFFFFF"
             type="circle" x="385" y="391" width="8" height="8"/>
    </entry>
    <entry id="89" name="cpd:C11890" type="compound"
        link="http://www.kegg.jp/dbget-bin/www_bget?C11890">
        <graphics name="C11890" fgcolor="#000000" bgcolor="#FFFFFF"
             type="circle" x="1030" y="389" width="8" height="8"/>
    </entry>
    <entry id="90" name="cpd:C06088" type="compound"
        link="http://www.kegg.jp/dbget-bin/www_bget?C06088">
        <graphics name="C06088" fgcolor="#000000" bgcolor="#FFFFFF"
             type="circle" x="1030" y="559" width="8" height="8"/>
    </entry>
    <entry id="91" name="cpd:C11898" type="compound"
        link="http://www.kegg.jp/dbget-bin/www_bget?C11898">
        <graphics name="C11898" fgcolor="#000000" bgcolor="#FFFFFF"
             type="circle" x="245" y="380" width="8" height="8"/>
    </entry>
    <entry id="92" name="cpd:C06091" type="compound"
        link="http://www.kegg.jp/dbget-bin/www_bget?C06091">
        <graphics name="C06091" fgcolor="#000000" bgcolor="#FFFFFF"
             type="circle" x="458" y="273" width="8" height="8"/>
    </entry>
    <entry id="93" name="cpd:C11897" type="compound"
        link="http://www.kegg.jp/dbget-bin/www_bget?C11897">
        <graphics name="C11897" fgcolor="#000000" bgcolor="#FFFFFF"
             type="circle" x="116" y="328" width="8" height="8"/>
    </entry>
    <entry id="94" name="cpd:C06090" type="compound"
        link="http://www.kegg.jp/dbget-bin/www_bget?C06090">
        <graphics name="C06090" fgcolor="#000000" bgcolor="#FFFFFF"
             type="circle" x="385" y="273" width="8" height="8"/>
    </entry>
    <entry id="165" name="ko:K12927 ko:K19571" type="ortholog" reaction="rn:R06303"
        link="http://www.kegg.jp/dbget-bin/www_bget?K12927+K19571">
        <graphics name="K12927..." fgcolor="#000000" bgcolor="#FFFFFF"
             type="rectangle" x="947" y="627" width="46" height="17"/>
    </entry>
    <entry id="166" name="ko:K14041 ko:K19571" type="ortholog" reaction="rn:R06304"
        link="http://www.kegg.jp/dbget-bin/www_bget?K14041+K19571">
        <graphics name="K14041..." fgcolor="#000000" bgcolor="#FFFFFF"
             type="rectangle" x="1043" y="627" width="46" height="17"/>
    </entry>
    <entry id="167" name="ko:K14037" type="ortholog" reaction="rn:R09120"
        link="http://www.kegg.jp/dbget-bin/www_bget?K14037">
        <graphics name="K14037" fgcolor="#000000" bgcolor="#FFFFFF"
             type="rectangle" x="645" y="376" width="46" height="17"/>
    </entry>
    <entry id="168" name="ko:K12927" type="ortholog" reaction="rn:R06301"
        link="http://www.kegg.jp/dbget-bin/www_bget?K12927">
        <graphics name="K12927" fgcolor="#000000" bgcolor="#FFFFFF"
             type="rectangle" x="757" y="627" width="46" height="17"/>
    </entry>
    <entry id="169" name="ko:K14041 ko:K19571" type="ortholog" reaction="rn:R06302"
        link="http://www.kegg.jp/dbget-bin/www_bget?K14041+K19571">
        <graphics name="K14041..." fgcolor="#000000" bgcolor="#FFFFFF"
             type="rectangle" x="851" y="627" width="46" height="17"/>
    </entry>
    <entry id="170" name="ko:K14038" type="ortholog" reaction="rn:R09121"
        link="http://www.kegg.jp/dbget-bin/www_bget?K14038">
        <graphics name="K14038" fgcolor="#000000" bgcolor="#FFFFFF"
             type="rectangle" x="703" y="408" width="46" height="17"/>
    </entry>
    <entry id="171" name="ko:K12928" type="ortholog" reaction="rn:R06313"
        link="http://www.kegg.jp/dbget-bin/www_bget?K12928">
        <graphics name="K12928" fgcolor="#000000" bgcolor="#FFFFFF"
             type="rectangle" x="1030" y="355" width="46" height="17"/>
    </entry>
    <entry id="172" name="cic:CICLE_v10018875mg cic:CICLE_v10023706mg" type="gene" reaction="rn:R02068"
        link="http://www.kegg.jp/dbget-bin/www_bget?cic:CICLE_v10018875mg+cic:CICLE_v10023706mg">
        <graphics name="CICLE_v10018875mg..." fgcolor="#000000" bgcolor="#BFFFBF"
             type="rectangle" x="386" y="183" width="46" height="17"/>
    </entry>
    <entry id="173" name="ko:K12927 ko:K14041 ko:K19571 ko:K14042 ko:K18113 ko:K20514" type="ortholog" reaction="rn:R06298"
        link="http://www.kegg.jp/dbget-bin/www_bget?K12927+K14041+K19571+K14042+K18113+K20514">
        <graphics name="K12927..." fgcolor="#000000" bgcolor="#FFFFFF"
             type="rectangle" x="757" y="183" width="46" height="17"/>
    </entry>
    <entry id="174" name="ko:K12929" type="ortholog" reaction="rn:R02064"
        link="http://www.kegg.jp/dbget-bin/www_bget?K12929">
        <graphics name="K12929" fgcolor="#000000" bgcolor="#FFFFFF"
             type="rectangle" x="972" y="183" width="46" height="17"/>
    </entry>
    <entry id="175" name="ko:K12921" type="ortholog" reaction="rn:R06305"
        link="http://www.kegg.jp/dbget-bin/www_bget?K12921">
        <graphics name="K12921" fgcolor="#000000" bgcolor="#FFFFFF"
             type="rectangle" x="117" y="183" width="46" height="17"/>
    </entry>
    <entry id="176" name="ko:K14043 ko:K12928" type="ortholog" reaction="rn:R06312"
        link="http://www.kegg.jp/dbget-bin/www_bget?K14043+K12928">
        <graphics name="K14043..." fgcolor="#000000" bgcolor="#FFFFFF"
             type="rectangle" x="850" y="183" width="46" height="17"/>
    </entry>
    <entry id="177" name="ko:K14039" type="ortholog" reaction="rn:R06306"
        link="http://www.kegg.jp/dbget-bin/www_bget?K14039">
        <graphics name="K14039" fgcolor="#000000" bgcolor="#FFFFFF"
             type="rectangle" x="117" y="238" width="46" height="17"/>
    </entry>
    <entry id="178" name="cic:CICLE_v10006575mg" type="gene" reaction="rn:R05092"
        link="http://www.kegg.jp/dbget-bin/www_bget?cic:CICLE_v10006575mg">
        <graphics name="CICLE_v10006575mg" fgcolor="#000000" bgcolor="#BFFFBF"
             type="rectangle" x="386" y="239" width="46" height="17"/>
    </entry>
    <entry id="179" name="ko:K12923" type="ortholog" reaction="rn:R06307"
        link="http://www.kegg.jp/dbget-bin/www_bget?K12923">
        <graphics name="K12923" fgcolor="#000000" bgcolor="#FFFFFF"
             type="rectangle" x="246" y="298" width="46" height="17"/>
    </entry>
    <entry id="180" name="cic:CICLE_v10000884mg cic:CICLE_v10000902mg cic:CICLE_v10001179mg" type="gene" reaction="rn:R06291"
        link="http://www.kegg.jp/dbget-bin/www_bget?cic:CICLE_v10000884mg+cic:CICLE_v10000902mg+cic:CICLE_v10001179mg">
        <graphics name="CICLE_v10000884mg..." fgcolor="#000000" bgcolor="#BFFFBF"
             type="rectangle" x="386" y="298" width="46" height="17"/>
    </entry>
    <entry id="181" name="ko:K12922" type="ortholog" reaction="rn:R06308"
        link="http://www.kegg.jp/dbget-bin/www_bget?K12922">
        <graphics name="K12922" fgcolor="#000000" bgcolor="#FFFFFF"
             type="rectangle" x="117" y="298" width="46" height="17"/>
    </entry>
    <entry id="182" name="ko:K12924" type="ortholog" reaction="rn:R06309"
        link="http://www.kegg.jp/dbget-bin/www_bget?K12924">
        <graphics name="K12924" fgcolor="#000000" bgcolor="#FFFFFF"
             type="rectangle" x="246" y="349" width="46" height="17"/>
    </entry>
    <entry id="183" name="cic:CICLE_v10000884mg cic:CICLE_v10000902mg cic:CICLE_v10001179mg" type="gene" reaction="rn:R06292"
        link="http://www.kegg.jp/dbget-bin/www_bget?cic:CICLE_v10000884mg+cic:CICLE_v10000902mg+cic:CICLE_v10001179mg">
        <graphics name="CICLE_v10000884mg..." fgcolor="#000000" bgcolor="#BFFFBF"
             type="rectangle" x="386" y="356" width="46" height="17"/>
    </entry>
    <entry id="184" name="cic:CICLE_v10000884mg cic:CICLE_v10000902mg cic:CICLE_v10001179mg" type="gene" reaction="rn:R06293"
        link="http://www.kegg.jp/dbget-bin/www_bget?cic:CICLE_v10000884mg+cic:CICLE_v10000902mg+cic:CICLE_v10001179mg">
        <graphics name="CICLE_v10000884mg..." fgcolor="#000000" bgcolor="#BFFFBF"
             type="rectangle" x="386" y="416" width="46" height="17"/>
    </entry>
    <entry id="185" name="cic:CICLE_v10019986mg cic:CICLE_v10031341mg cic:CICLE_v10031862mg cic:CICLE_v10032478mg" type="gene" reaction="rn:R06294"
        link="http://www.kegg.jp/dbget-bin/www_bget?cic:CICLE_v10019986mg+cic:CICLE_v10031341mg+cic:CICLE_v10031862mg+cic:CICLE_v10032478mg">
        <graphics name="CICLE_v10019986mg..." fgcolor="#000000" bgcolor="#BFFFBF"
             type="rectangle" x="386" y="473" width="46" height="17"/>
    </entry>
    <entry id="186" name="ko:K12925" type="ortholog" reaction="rn:R06310"
        link="http://www.kegg.jp/dbget-bin/www_bget?K12925">
        <graphics name="K12925" fgcolor="#000000" bgcolor="#FFFFFF"
             type="rectangle" x="117" y="467" width="46" height="17"/>
    </entry>
    <entry id="187" name="cic:CICLE_v10019986mg cic:CICLE_v10031341mg cic:CICLE_v10031862mg cic:CICLE_v10032478mg" type="gene" reaction="rn:R06295"
        link="http://www.kegg.jp/dbget-bin/www_bget?cic:CICLE_v10019986mg+cic:CICLE_v10031341mg+cic:CICLE_v10031862mg+cic:CICLE_v10032478mg">
        <graphics name="CICLE_v10019986mg..." fgcolor="#000000" bgcolor="#BFFFBF"
             type="rectangle" x="386" y="534" width="46" height="17"/>
    </entry>
    <entry id="188" name="cic:CICLE_v10019986mg cic:CICLE_v10031341mg cic:CICLE_v10031862mg cic:CICLE_v10032478mg" type="gene" reaction="rn:R06296"
        link="http://www.kegg.jp/dbget-bin/www_bget?cic:CICLE_v10019986mg+cic:CICLE_v10031341mg+cic:CICLE_v10031862mg+cic:CICLE_v10032478mg">
        <graphics name="CICLE_v10019986mg..." fgcolor="#000000" bgcolor="#BFFFBF"
             type="rectangle" x="431" y="509" width="46" height="17"/>
    </entry>
    <entry id="189" name="ko:K12926" type="ortholog" reaction="rn:R06311"
        link="http://www.kegg.jp/dbget-bin/www_bget?K12926">
        <graphics name="K12926" fgcolor="#000000" bgcolor="#FFFFFF"
             type="rectangle" x="117" y="534" width="46" height="17"/>
    </entry>
    <entry id="190" name="ko:K12918" type="ortholog" reaction="rn:R06327"
        link="http://www.kegg.jp/dbget-bin/www_bget?K12918">
        <graphics name="K12918" fgcolor="#000000" bgcolor="#FFFFFF"
             type="rectangle" x="213" y="769" width="46" height="17"/>
    </entry>
    <entry id="191" name="ko:K12918" type="ortholog" reaction="rn:R06325"
        link="http://www.kegg.jp/dbget-bin/www_bget?K12918">
        <graphics name="K12918" fgcolor="#000000" bgcolor="#FFFFFF"
             type="rectangle" x="213" y="710" width="46" height="17"/>
    </entry>
    <entry id="192" name="ko:K12918" type="ortholog" reaction="rn:R06324"
        link="http://www.kegg.jp/dbget-bin/www_bget?K12918">
        <graphics name="K12918" fgcolor="#000000" bgcolor="#FFFFFF"
             type="rectangle" x="213" y="651" width="46" height="17"/>
    </entry>
    <entry id="193" name="ko:K12917" type="ortholog" reaction="rn:R06339"
        link="http://www.kegg.jp/dbget-bin/www_bget?K12917">
        <graphics name="K12917" fgcolor="#000000" bgcolor="#FFFFFF"
             type="rectangle" x="213" y="594" width="46" height="17"/>
    </entry>
    <entry id="194" name="ko:K12917" type="ortholog" reaction="rn:R06341"
        link="http://www.kegg.jp/dbget-bin/www_bget?K12917">
        <graphics name="K12917" fgcolor="#000000" bgcolor="#FFFFFF"
             type="rectangle" x="304" y="570" width="46" height="17"/>
    </entry>
    <entry id="196" name="cic:CICLE_v10005157mg cic:CICLE_v10020694mg" type="gene" reaction="rn:R06326"
        link="http://www.kegg.jp/dbget-bin/www_bget?cic:CICLE_v10005157mg+cic:CICLE_v10020694mg">
        <graphics name="CICLE_v10005157mg..." fgcolor="#000000" bgcolor="#BFFFBF"
             type="rectangle" x="386" y="769" width="46" height="17"/>
    </entry>
    <entry id="197" name="cic:CICLE_v10005157mg cic:CICLE_v10020694mg" type="gene" reaction="rn:R06323"
        link="http://www.kegg.jp/dbget-bin/www_bget?cic:CICLE_v10005157mg+cic:CICLE_v10020694mg">
        <graphics name="CICLE_v10005157mg..." fgcolor="#000000" bgcolor="#BFFFBF"
             type="rectangle" x="386" y="710" width="46" height="17"/>
    </entry>
    <entry id="198" name="cic:CICLE_v10005157mg cic:CICLE_v10020694mg" type="gene" reaction="rn:R06322"
        link="http://www.kegg.jp/dbget-bin/www_bget?cic:CICLE_v10005157mg+cic:CICLE_v10020694mg">
        <graphics name="CICLE_v10005157mg..." fgcolor="#000000" bgcolor="#BFFFBF"
             type="rectangle" x="386" y="651" width="46" height="17"/>
    </entry>
    <entry id="199" name="cic:CICLE_v10019986mg cic:CICLE_v10031341mg cic:CICLE_v10031862mg cic:CICLE_v10032478mg" type="gene" reaction="rn:R06297"
        link="http://www.kegg.jp/dbget-bin/www_bget?cic:CICLE_v10019986mg+cic:CICLE_v10031341mg+cic:CICLE_v10031862mg+cic:CICLE_v10032478mg">
        <graphics name="CICLE_v10019986mg..." fgcolor="#000000" bgcolor="#BFFFBF"
             type="rectangle" x="386" y="594" width="46" height="17"/>
    </entry>
    <entry id="200" name="cic:CICLE_v10005157mg cic:CICLE_v10020694mg" type="gene" reaction="rn:R03807"
        link="http://www.kegg.jp/dbget-bin/www_bget?cic:CICLE_v10005157mg+cic:CICLE_v10020694mg">
        <graphics name="CICLE_v10005157mg..." fgcolor="#000000" bgcolor="#BFFFBF"
             type="rectangle" x="560" y="767" width="46" height="17"/>
    </entry>
    <entry id="201" name="cic:CICLE_v10005157mg cic:CICLE_v10020694mg" type="gene" reaction="rn:R03806"
        link="http://www.kegg.jp/dbget-bin/www_bget?cic:CICLE_v10005157mg+cic:CICLE_v10020694mg">
        <graphics name="CICLE_v10005157mg..." fgcolor="#000000" bgcolor="#BFFFBF"
             type="rectangle" x="560" y="708" width="46" height="17"/>
    </entry>
    <entry id="202" name="cic:CICLE_v10005157mg cic:CICLE_v10020694mg" type="gene" reaction="rn:R05097"
        link="http://www.kegg.jp/dbget-bin/www_bget?cic:CICLE_v10005157mg+cic:CICLE_v10020694mg">
        <graphics name="CICLE_v10005157mg..." fgcolor="#000000" bgcolor="#BFFFBF"
             type="rectangle" x="560" y="649" width="46" height="17"/>
    </entry>
    <entry id="203" name="cic:CICLE_v10005385mg cic:CICLE_v10008874mg cic:CICLE_v10010362mg cic:CICLE_v10015702mg cic:CICLE_v10015817mg cic:CICLE_v10021090mg cic:CICLE_v10024433mg cic:CICLE_v10031986mg" type="gene" reaction="rn:R03809"
        link="http://www.kegg.jp/dbget-bin/www_bget?cic:CICLE_v10005385mg+cic:CICLE_v10008874mg+cic:CICLE_v10010362mg+cic:CICLE_v10015702mg+cic:CICLE_v10015817mg+cic:CICLE_v10021090mg+cic:CICLE_v10024433mg+cic:CICLE_v10031986mg">
        <graphics name="CICLE_v10005385mg..." fgcolor="#000000" bgcolor="#BFFFBF"
             type="rectangle" x="622" y="833" width="46" height="17"/>
    </entry>
    <entry id="204" name="cic:CICLE_v10005385mg cic:CICLE_v10008874mg cic:CICLE_v10010362mg cic:CICLE_v10015702mg cic:CICLE_v10015817mg cic:CICLE_v10021090mg cic:CICLE_v10024433mg cic:CICLE_v10031986mg" type="gene" reaction="rn:R03008"
        link="http://www.kegg.jp/dbget-bin/www_bget?cic:CICLE_v10005385mg+cic:CICLE_v10008874mg+cic:CICLE_v10010362mg+cic:CICLE_v10015702mg+cic:CICLE_v10015817mg+cic:CICLE_v10021090mg+cic:CICLE_v10024433mg+cic:CICLE_v10031986mg">
        <graphics name="CICLE_v10005385mg..." fgcolor="#000000" bgcolor="#BFFFBF"
             type="rectangle" x="561" y="1003" width="46" height="17"/>
    </entry>
    <entry id="208" name="cic:CICLE_v10005385mg cic:CICLE_v10008874mg cic:CICLE_v10010362mg cic:CICLE_v10015702mg cic:CICLE_v10015817mg cic:CICLE_v10021090mg cic:CICLE_v10024433mg cic:CICLE_v10031986mg" type="gene" reaction="rn:R06337"
        link="http://www.kegg.jp/dbget-bin/www_bget?cic:CICLE_v10005385mg+cic:CICLE_v10008874mg+cic:CICLE_v10010362mg+cic:CICLE_v10015702mg+cic:CICLE_v10015817mg+cic:CICLE_v10021090mg+cic:CICLE_v10024433mg+cic:CICLE_v10031986mg">
        <graphics name="CICLE_v10005385mg..." fgcolor="#000000" bgcolor="#BFFFBF"
             type="rectangle" x="386" y="833" width="46" height="17"/>
    </entry>
    <entry id="210" name="cic:CICLE_v10005385mg cic:CICLE_v10008874mg cic:CICLE_v10010362mg cic:CICLE_v10015702mg cic:CICLE_v10015817mg cic:CICLE_v10021090mg cic:CICLE_v10024433mg cic:CICLE_v10031986mg" type="gene" reaction="rn:R06338"
        link="http://www.kegg.jp/dbget-bin/www_bget?cic:CICLE_v10005385mg+cic:CICLE_v10008874mg+cic:CICLE_v10010362mg+cic:CICLE_v10015702mg+cic:CICLE_v10015817mg+cic:CICLE_v10021090mg+cic:CICLE_v10024433mg+cic:CICLE_v10031986mg">
        <graphics name="CICLE_v10005385mg..." fgcolor="#000000" bgcolor="#BFFFBF"
             type="rectangle" x="153" y="833" width="46" height="17"/>
    </entry>
    <entry id="211" name="cic:CICLE_v10010488mg cic:CICLE_v10010629mg cic:CICLE_v10010731mg cic:CICLE_v10027153mg cic:CICLE_v10027361mg" type="gene" reaction="rn:R06336"
        link="http://www.kegg.jp/dbget-bin/www_bget?cic:CICLE_v10010488mg+cic:CICLE_v10010629mg+cic:CICLE_v10010731mg+cic:CICLE_v10027153mg+cic:CICLE_v10027361mg">
        <graphics name="CICLE_v10010488mg..." fgcolor="#000000" bgcolor="#BFFFBF"
             type="rectangle" x="304" y="801" width="46" height="17"/>
    </entry>
    <entry id="213" name="ko:K12919" type="ortholog" reaction="rn:R06618"
        link="http://www.kegg.jp/dbget-bin/www_bget?K12919">
        <graphics name="K12919" fgcolor="#000000" bgcolor="#FFFFFF"
             type="rectangle" x="264" y="923" width="46" height="17"/>
    </entry>
    <entry id="214" name="ko:K12919" type="ortholog" reaction="rn:R06619"
        link="http://www.kegg.jp/dbget-bin/www_bget?K12919">
        <graphics name="K12919" fgcolor="#000000" bgcolor="#FFFFFF"
             type="rectangle" x="213" y="923" width="46" height="17"/>
    </entry>
    <entry id="218" name="ko:K12920" type="ortholog" reaction="rn:R06617"
        link="http://www.kegg.jp/dbget-bin/www_bget?K12920">
        <graphics name="K12920" fgcolor="#000000" bgcolor="#FFFFFF"
             type="rectangle" x="264" y="842" width="46" height="17"/>
    </entry>
    <entry id="224" name="cpd:C09183" type="compound"
        link="http://www.kegg.jp/dbget-bin/www_bget?C09183">
        <graphics name="C09183" fgcolor="#000000" bgcolor="#FFFFFF"
             type="circle" x="1162" y="284" width="8" height="8"/>
    </entry>
    <entry id="225" name="cpd:C18226" type="compound"
        link="http://www.kegg.jp/dbget-bin/www_bget?C18226">
        <graphics name="C18226" fgcolor="#000000" bgcolor="#FFFFFF"
             type="circle" x="575" y="273" width="8" height="8"/>
    </entry>
    <entry id="226" name="cpd:C18225" type="compound"
        link="http://www.kegg.jp/dbget-bin/www_bget?C18225">
        <graphics name="C18225" fgcolor="#000000" bgcolor="#FFFFFF"
             type="circle" x="1138" y="389" width="8" height="8"/>
    </entry>
    <entry id="227" name="cpd:C18015" type="compound"
        link="http://www.kegg.jp/dbget-bin/www_bget?C18015">
        <graphics name="C18015" fgcolor="#000000" bgcolor="#FFFFFF"
             type="circle" x="1138" y="559" width="8" height="8"/>
    </entry>
    <entry id="228" name="cpd:C18016" type="compound"
        link="http://www.kegg.jp/dbget-bin/www_bget?C18016">
        <graphics name="C18016" fgcolor="#000000" bgcolor="#FFFFFF"
             type="circle" x="1138" y="500" width="8" height="8"/>
    </entry>
    <entry id="229" name="cpd:C18223" type="compound"
        link="http://www.kegg.jp/dbget-bin/www_bget?C18223">
        <graphics name="C18223" fgcolor="#000000" bgcolor="#FFFFFF"
             type="circle" x="850" y="389" width="8" height="8"/>
    </entry>
    <entry id="230" name="cpd:C18224" type="compound"
        link="http://www.kegg.jp/dbget-bin/www_bget?C18224">
        <graphics name="C18224" fgcolor="#000000" bgcolor="#FFFFFF"
             type="circle" x="940" y="389" width="8" height="8"/>
    </entry>
    <entry id="231" name="cpd:C18211" type="compound"
        link="http://www.kegg.jp/dbget-bin/www_bget?C18211">
        <graphics name="C18211" fgcolor="#000000" bgcolor="#FFFFFF"
             type="circle" x="1212" y="668" width="8" height="8"/>
    </entry>
    <entry id="233" name="ko:K14042" type="ortholog" reaction="rn:R09111"
        link="http://www.kegg.jp/dbget-bin/www_bget?K14042">
        <graphics name="K14042" fgcolor="#000000" bgcolor="#FFFFFF"
             type="rectangle" x="1212" y="627" width="46" height="17"/>
    </entry>
    <entry id="235" name="ko:K20516 ko:K20518" type="ortholog" reaction="rn:R09967"
        link="http://www.kegg.jp/dbget-bin/www_bget?K20516+K20518">
        <graphics name="K20516..." fgcolor="#000000" bgcolor="#FFFFFF"
             type="rectangle" x="1106" y="183" width="46" height="17"/>
    </entry>
    <entry id="236" name="ko:K14036" type="ortholog" reaction="rn:R09119"
        link="http://www.kegg.jp/dbget-bin/www_bget?K14036">
        <graphics name="K14036" fgcolor="#000000" bgcolor="#FFFFFF"
             type="rectangle" x="575" y="240" width="46" height="17"/>
    </entry>
    <entry id="237" name="ko:K14040" type="ortholog" reaction="rn:R06354"
        link="http://www.kegg.jp/dbget-bin/www_bget?K14040">
        <graphics name="K14040" fgcolor="#000000" bgcolor="#FFFFFF"
             type="rectangle" x="757" y="751" width="46" height="17"/>
    </entry>
    <entry id="238" name="ko:K14045" type="ortholog" reaction="rn:R09116"
        link="http://www.kegg.jp/dbget-bin/www_bget?K14045">
        <graphics name="K14045" fgcolor="#000000" bgcolor="#FFFFFF"
             type="rectangle" x="941" y="355" width="46" height="17"/>
    </entry>
    <entry id="239" name="ko:K14046" type="ortholog" reaction="rn:R09117"
        link="http://www.kegg.jp/dbget-bin/www_bget?K14046">
        <graphics name="K14046" fgcolor="#000000" bgcolor="#FFFFFF"
             type="rectangle" x="1138" y="355" width="46" height="17"/>
    </entry>
    <entry id="240" name="ko:K13070" type="ortholog" reaction="rn:R08916 rn:R08917"
        link="http://www.kegg.jp/dbget-bin/www_bget?K13070">
        <graphics name="K13070" fgcolor="#000000" bgcolor="#FFFFFF"
             type="rectangle" x="1138" y="526" width="46" height="17"/>
    </entry>
    <entry id="242" name="cpd:C09094" type="compound"
        link="http://www.kegg.jp/dbget-bin/www_bget?C09094">
        <graphics name="C09094" fgcolor="#000000" bgcolor="#FFFFFF"
             type="circle" x="1292" y="224" width="8" height="8"/>
    </entry>
    <entry id="243" name="cpd:C13273" type="compound"
        link="http://www.kegg.jp/dbget-bin/www_bget?C13273">
        <graphics name="C13273" fgcolor="#000000" bgcolor="#FFFFFF"
             type="circle" x="1292" y="283" width="8" height="8"/>
    </entry>
    <entry id="244" name="cpd:C18229" type="compound"
        link="http://www.kegg.jp/dbget-bin/www_bget?C18229">
        <graphics name="C18229" fgcolor="#000000" bgcolor="#FFFFFF"
             type="circle" x="1222" y="224" width="8" height="8"/>
    </entry>
    <entry id="247" name="ko:K14047" type="ortholog" reaction="rn:R09123"
        link="http://www.kegg.jp/dbget-bin/www_bget?K14047">
        <graphics name="K14047" fgcolor="#000000" bgcolor="#FFFFFF"
             type="rectangle" x="1222" y="183" width="46" height="17"/>
    </entry>
    <entry id="254" name="cpd:C18221" type="compound"
        link="http://www.kegg.jp/dbget-bin/www_bget?C18221">
        <graphics name="C18221" fgcolor="#000000" bgcolor="#FFFFFF"
             type="circle" x="1212" y="728" width="8" height="8"/>
    </entry>
    <entry id="255" name="cpd:C18222" type="compound"
        link="http://www.kegg.jp/dbget-bin/www_bget?C18222">
        <graphics name="C18222" fgcolor="#000000" bgcolor="#FFFFFF"
             type="circle" x="1212" y="788" width="8" height="8"/>
    </entry>
    <entry id="256" name="cpd:C09118" type="compound"
        link="http://www.kegg.jp/dbget-bin/www_bget?C09118">
        <graphics name="C09118" fgcolor="#000000" bgcolor="#FFFFFF"
             type="circle" x="1212" y="848" width="8" height="8"/>
    </entry>
    <entry id="257" name="cpd:C18219" type="compound"
        link="http://www.kegg.jp/dbget-bin/www_bget?C18219">
        <graphics name="C18219" fgcolor="#000000" bgcolor="#FFFFFF"
             type="circle" x="1042" y="727" width="8" height="8"/>
    </entry>
    <entry id="258" name="cpd:C18220" type="compound"
        link="http://www.kegg.jp/dbget-bin/www_bget?C18220">
        <graphics name="C18220" fgcolor="#000000" bgcolor="#FFFFFF"
             type="circle" x="1042" y="787" width="8" height="8"/>
    </entry>
    <entry id="259" name="cpd:C12077" type="compound"
        link="http://www.kegg.jp/dbget-bin/www_bget?C12077">
        <graphics name="C12077" fgcolor="#000000" bgcolor="#FFFFFF"
             type="circle" x="1042" y="847" width="8" height="8"/>
    </entry>
    <entry id="269" name="ko:K16082" type="ortholog" reaction="rn:R09903"
        link="http://www.kegg.jp/dbget-bin/www_bget?K16082">
        <graphics name="K16082" fgcolor="#000000" bgcolor="#FFFFFF"
             type="rectangle" x="507" y="240" width="46" height="17"/>
    </entry>
    <entry id="270" name="cpd:C20146" type="compound"
        link="http://www.kegg.jp/dbget-bin/www_bget?C20146">
        <graphics name="C20146" fgcolor="#000000" bgcolor="#FFFFFF"
             type="circle" x="507" y="332" width="8" height="8"/>
    </entry>
    <entry id="272" name="ko:K16083" type="ortholog" reaction="rn:R09861"
        link="http://www.kegg.jp/dbget-bin/www_bget?K16083">
        <graphics name="K16083" fgcolor="#000000" bgcolor="#FFFFFF"
             type="rectangle" x="507" y="298" width="46" height="17"/>
    </entry>
    <entry id="273" name="cpd:C20145" type="compound"
        link="http://www.kegg.jp/dbget-bin/www_bget?C20145">
        <graphics name="C20145" fgcolor="#000000" bgcolor="#FFFFFF"
             type="circle" x="507" y="273" width="8" height="8"/>
    </entry>
    <entry id="274" name="cpd:C20149" type="compound"
        link="http://www.kegg.jp/dbget-bin/www_bget?C20149">
        <graphics name="C20149" fgcolor="#000000" bgcolor="#FFFFFF"
             type="circle" x="1138" y="448" width="8" height="8"/>
    </entry>
    <entry id="276" name="ko:K16085" type="ortholog" reaction="rn:R09865"
        link="http://www.kegg.jp/dbget-bin/www_bget?K16085">
        <graphics name="K16085" fgcolor="#000000" bgcolor="#FFFFFF"
             type="rectangle" x="1138" y="414" width="46" height="17"/>
    </entry>
    <entry id="277" name="cpd:C20150" type="compound"
        link="http://www.kegg.jp/dbget-bin/www_bget?C20150">
        <graphics name="C20150" fgcolor="#000000" bgcolor="#FFFFFF"
             type="circle" x="575" y="332" width="8" height="8"/>
    </entry>
    <entry id="279" name="ko:K16084" type="ortholog" reaction="rn:R09866"
        link="http://www.kegg.jp/dbget-bin/www_bget?K16084">
        <graphics name="K16084" fgcolor="#000000" bgcolor="#FFFFFF"
             type="rectangle" x="575" y="298" width="46" height="17"/>
    </entry>
    <entry id="280" name="cpd:C20151" type="compound"
        link="http://www.kegg.jp/dbget-bin/www_bget?C20151">
        <graphics name="C20151" fgcolor="#000000" bgcolor="#FFFFFF"
             type="circle" x="245" y="435" width="8" height="8"/>
    </entry>
    <entry id="281" name="ko:K20512" type="ortholog" reaction="rn:R09867"
        link="http://www.kegg.jp/dbget-bin/www_bget?K20512">
        <graphics name="K20512" fgcolor="#000000" bgcolor="#FFFFFF"
             type="rectangle" x="245" y="405" width="46" height="17"/>
    </entry>
    <entry id="283" name="ko:K16086" type="ortholog" reaction="rn:R09874"
        link="http://www.kegg.jp/dbget-bin/www_bget?K16086">
        <graphics name="K16086" fgcolor="#000000" bgcolor="#FFFFFF"
             type="rectangle" x="1042" y="183" width="46" height="17"/>
    </entry>
    <entry id="284" name="cpd:C20158" type="compound"
        link="http://www.kegg.jp/dbget-bin/www_bget?C20158">
        <graphics name="C20158" fgcolor="#000000" bgcolor="#FFFFFF"
             type="circle" x="1042" y="225" width="8" height="8"/>
    </entry>
    <entry id="285" name="cpd:C20208" type="compound"
        link="http://www.kegg.jp/dbget-bin/www_bget?C20208">
        <graphics name="C20208" fgcolor="#000000" bgcolor="#FFFFFF"
             type="circle" x="940" y="448" width="8" height="8"/>
    </entry>
    <entry id="287" name="ko:K16085" type="ortholog" reaction="rn:R09921"
        link="http://www.kegg.jp/dbget-bin/www_bget?K16085">
        <graphics name="K16085" fgcolor="#000000" bgcolor="#FFFFFF"
             type="rectangle" x="940" y="414" width="46" height="17"/>
    </entry>
    <entry id="289" name="ko:K20519" type="ortholog" reaction="rn:R10241"
        link="http://www.kegg.jp/dbget-bin/www_bget?K20519">
        <graphics name="K20519" fgcolor="#000000" bgcolor="#FFFFFF"
             type="rectangle" x="1162" y="250" width="46" height="17"/>
    </entry>
    <entry id="290" name="cpd:C20270" type="compound"
        link="http://www.kegg.jp/dbget-bin/www_bget?C20270">
        <graphics name="C20270" fgcolor="#000000" bgcolor="#FFFFFF"
             type="circle" x="1106" y="224" width="8" height="8"/>
    </entry>
    <entry id="293" name="cpd:C20681" type="compound"
        link="http://www.kegg.jp/dbget-bin/www_bget?C20681">
        <graphics name="C20681" fgcolor="#000000" bgcolor="#FFFFFF"
             type="circle" x="1361" y="224" width="8" height="8"/>
    </entry>
    <entry id="294" name="cpd:C20700" type="compound"
        link="http://www.kegg.jp/dbget-bin/www_bget?C20700">
        <graphics name="C20700" fgcolor="#000000" bgcolor="#FFFFFF"
             type="circle" x="1361" y="283" width="8" height="8"/>
    </entry>
    <entry id="295" name="cic:CICLE_v10014262mg" type="gene" reaction="rn:R10533"
        link="http://www.kegg.jp/dbget-bin/www_bget?cic:CICLE_v10014262mg">
        <graphics name="CICLE_v10014262mg" fgcolor="#000000" bgcolor="#BFFFBF"
             type="rectangle" x="1361" y="183" width="46" height="17"/>
    </entry>
    <entry id="296" name="cic:CICLE_v10019706mg cic:CICLE_v10019727mg" type="gene" reaction="rn:R10562"
        link="http://www.kegg.jp/dbget-bin/www_bget?cic:CICLE_v10019706mg+cic:CICLE_v10019727mg">
        <graphics name="CICLE_v10019706mg..." fgcolor="#000000" bgcolor="#BFFFBF"
             type="rectangle" x="1361" y="250" width="46" height="17"/>
    </entry>
    <entry id="297" name="ko:K18113" type="ortholog" reaction="rn:R10585"
        link="http://www.kegg.jp/dbget-bin/www_bget?K18113">
        <graphics name="K18113" fgcolor="#000000" bgcolor="#FFFFFF"
             type="rectangle" x="1124" y="626" width="46" height="17"/>
    </entry>
    <entry id="298" name="cpd:C20711" type="compound"
        link="http://www.kegg.jp/dbget-bin/www_bget?C20711">
        <graphics name="C20711" fgcolor="#000000" bgcolor="#FFFFFF"
             type="circle" x="1124" y="668" width="8" height="8"/>
    </entry>
    <entry id="300" name="cpd:C11902" type="compound"
        link="http://www.kegg.jp/dbget-bin/www_bget?C11902">
        <graphics name="C11902" fgcolor="#000000" bgcolor="#FFFFFF"
             type="circle" x="850" y="328" width="8" height="8"/>
    </entry>
    <entry id="301" name="ko:K14037" type="ortholog" reaction="rn:R09899"
        link="http://www.kegg.jp/dbget-bin/www_bget?K14037">
        <graphics name="K14037" fgcolor="#000000" bgcolor="#FFFFFF"
             type="rectangle" x="1238" y="355" width="46" height="17"/>
    </entry>
    <entry id="302" name="cpd:C20185" type="compound"
        link="http://www.kegg.jp/dbget-bin/www_bget?C20185">
        <graphics name="C20185" fgcolor="#000000" bgcolor="#FFFFFF"
             type="circle" x="1238" y="389" width="8" height="8"/>
    </entry>
    <entry id="304" name="cpd:C09092" type="compound"
        link="http://www.kegg.jp/dbget-bin/www_bget?C09092">
        <graphics name="C09092" fgcolor="#000000" bgcolor="#FFFFFF"
             type="circle" x="1124" y="728" width="8" height="8"/>
    </entry>
    <entry id="305" name="ko:K20513" type="ortholog" reaction="rn:R10727"
        link="http://www.kegg.jp/dbget-bin/www_bget?K20513">
        <graphics name="K20513" fgcolor="#000000" bgcolor="#FFFFFF"
             type="rectangle" x="1124" y="693" width="46" height="17"/>
    </entry>
    <entry id="307" name="cpd:C19817" type="compound"
        link="http://www.kegg.jp/dbget-bin/www_bget?C19817">
        <graphics name="C19817" fgcolor="#000000" bgcolor="#FFFFFF"
             type="circle" x="1297" y="668" width="8" height="8"/>
    </entry>
    <entry id="308" name="ko:K20514" type="ortholog" reaction="rn:R09686"
        link="http://www.kegg.jp/dbget-bin/www_bget?K20514">
        <graphics name="K20514" fgcolor="#000000" bgcolor="#FFFFFF"
             type="rectangle" x="1297" y="627" width="46" height="17"/>
    </entry>
    <entry id="310" name="cpd:C06086" type="compound"
        link="http://www.kegg.jp/dbget-bin/www_bget?C06086">
        <graphics name="C06086" fgcolor="#000000" bgcolor="#FFFFFF"
             type="circle" x="1386" y="668" width="8" height="8"/>
    </entry>
    <entry id="311" name="ko:K20515" type="ortholog" reaction="rn:R06299"
        link="http://www.kegg.jp/dbget-bin/www_bget?K20515">
        <graphics name="K20515" fgcolor="#000000" bgcolor="#FFFFFF"
             type="rectangle" x="1386" y="627" width="46" height="17"/>
    </entry>
    <entry id="312" name="cpd:C20481" type="compound"
        link="http://www.kegg.jp/dbget-bin/www_bget?C20481">
        <graphics name="C20481" fgcolor="#000000" bgcolor="#FFFFFF"
             type="circle" x="1106" y="283" width="8" height="8"/>
    </entry>
    <entry id="313" name="ko:K20517 ko:K20518" type="ortholog" reaction="rn:R10276"
        link="http://www.kegg.jp/dbget-bin/www_bget?K20517+K20518">
        <graphics name="K20517..." fgcolor="#000000" bgcolor="#FFFFFF"
             type="rectangle" x="1106" y="250" width="46" height="17"/>
    </entry>
    <relation entry1="178" entry2="172" type="ECrel">
        <subtype name="compound" value="85"/>
    </relation>
    <relation entry1="180" entry2="178" type="ECrel">
        <subtype name="compound" value="94"/>
    </relation>
    <relation entry1="210" entry2="211" type="ECrel">
        <subtype name="compound" value="44"/>
    </relation>
    <relation entry1="198" entry2="199" type="ECrel">
        <subtype name="compound" value="52"/>
    </relation>
    <relation entry1="211" entry2="196" type="ECrel">
        <subtype name="compound" value="43"/>
    </relation>
    <relation entry1="208" entry2="196" type="ECrel">
        <subtype name="compound" value="43"/>
    </relation>
    <relation entry1="208" entry2="211" type="ECrel">
        <subtype name="compound" value="43"/>
    </relation>
    <relation entry1="203" entry2="200" type="ECrel">
        <subtype name="compound" value="42"/>
    </relation>
    <relation entry1="172" entry2="76" type="maplink">
        <subtype name="compound" value="29"/>
    </relation>
    <relation entry1="184" entry2="185" type="ECrel">
        <subtype name="compound" value="61"/>
    </relation>
    <relation entry1="172" entry2="295" type="ECrel">
        <subtype name="compound" value="29"/>
    </relation>
    <relation entry1="295" entry2="296" type="ECrel">
        <subtype name="compound" value="293"/>
    </relation>
    <relation entry1="76" entry2="295" type="maplink">
        <subtype name="compound" value="29"/>
    </relation>
    <reaction id="203" name="rn:R03809" type="irreversible">
        <substrate id="42" name="cpd:C02035"/>
        <product id="26" name="cpd:C06096"/>
    </reaction>
    <reaction id="204" name="rn:R03008" type="irreversible">
        <substrate id="36" name="cpd:C00859"/>
        <product id="32" name="cpd:C03579"/>
    </reaction>
    <reaction id="208" name="rn:R06337" type="irreversible">
        <substrate id="43" name="cpd:C11863"/>
        <product id="38" name="cpd:C11865"/>
    </reaction>
    <reaction id="200" name="rn:R03807" type="irreversible">
        <substrate id="45" name="cpd:C02034"/>
        <product id="42" name="cpd:C02035"/>
    </reaction>
    <reaction id="210" name="rn:R06338" type="irreversible">
        <substrate id="44" name="cpd:C11864"/>
        <product id="41" name="cpd:C11868"/>
    </reaction>
    <reaction id="211" name="rn:R06336" type="irreversible">
        <substrate id="43" name="cpd:C11863"/>
        <product id="44" name="cpd:C11864"/>
    </reaction>
    <reaction id="196" name="rn:R06326" type="irreversible">
        <substrate id="46" name="cpd:C11861"/>
        <product id="43" name="cpd:C11863"/>
    </reaction>
    <reaction id="201" name="rn:R03806" type="irreversible">
        <substrate id="48" name="cpd:C06095"/>
        <product id="45" name="cpd:C02034"/>
    </reaction>
    <reaction id="197" name="rn:R06323" type="irreversible">
        <substrate id="49" name="cpd:C11860"/>
        <product id="46" name="cpd:C11861"/>
    </reaction>
    <reaction id="202" name="rn:R05097" type="irreversible">
        <substrate id="51" name="cpd:C06094"/>
        <product id="48" name="cpd:C06095"/>
    </reaction>
    <reaction id="198" name="rn:R06322" type="irreversible">
        <substrate id="52" name="cpd:C11857"/>
        <product id="49" name="cpd:C11860"/>
    </reaction>
    <reaction id="199" name="rn:R06297" type="irreversible">
        <substrate id="57" name="cpd:C06093"/>
        <product id="52" name="cpd:C11857"/>
    </reaction>
    <reaction id="187" name="rn:R06295" type="irreversible">
        <substrate id="60" name="cpd:C11875"/>
        <product id="57" name="cpd:C06093"/>
    </reaction>
    <reaction id="188" name="rn:R06296" type="irreversible">
        <substrate id="60" name="cpd:C11875"/>
        <product id="59" name="cpd:C11876"/>
    </reaction>
    <reaction id="185" name="rn:R06294" type="irreversible">
        <substrate id="61" name="cpd:C11874"/>
        <product id="60" name="cpd:C11875"/>
    </reaction>
    <reaction id="183" name="rn:R06292" type="irreversible">
        <substrate id="28" name="cpd:C11872"/>
        <product id="88" name="cpd:C11873"/>
    </reaction>
    <reaction id="180" name="rn:R06291" type="irreversible">
        <substrate id="94" name="cpd:C06090"/>
        <product id="28" name="cpd:C11872"/>
    </reaction>
    <reaction id="178" name="rn:R05092" type="irreversible">
        <substrate id="85" name="cpd:C06089"/>
        <product id="94" name="cpd:C06090"/>
    </reaction>
    <reaction id="172" name="rn:R02068" type="irreversible">
        <substrate id="29" name="cpd:C00353"/>
        <product id="85" name="cpd:C06089"/>
    </reaction>
    <reaction id="184" name="rn:R06293" type="irreversible">
        <substrate id="88" name="cpd:C11873"/>
        <product id="61" name="cpd:C11874"/>
    </reaction>
    <reaction id="295" name="rn:R10533" type="reversible">
        <substrate id="29" name="cpd:C00353"/>
        <product id="293" name="cpd:C20681"/>
    </reaction>
    <reaction id="296" name="rn:R10562" type="reversible">
        <substrate id="293" name="cpd:C20681"/>
        <product id="294" name="cpd:C20700"/>
    </reaction>
</pathway>
